{
    "providers": [
        {"type": "bitmap", "file": "minecraft:guis/pixel.png","ascent": -2000,"height": -3,"chars": ["七"]},
        {"type": "bitmap", "file": "minecraft:guis/diamondxr/menu.png","ascent": 13,"height": 135,"chars": ["ㇺ"]},
		{"type": "bitmap", "file": "minecraft:guis/donate/donate_select.png","ascent": 13,"height": 135,"chars": ["✓"]},
		{"type": "bitmap", "file": "minecraft:guis/rewards/rewards1.png","ascent": 13,"height": 136,"chars": ["✛"]},
		{"type": "bitmap", "file": "minecraft:guis/rewardrpg/rewardrpg.png","ascent": 13,"height": 136,"chars": ["ᴔ"]},
		{"type": "bitmap", "file": "minecraft:guis/reward_menu/menyu_aseprite.png","ascent": 13,"height": 135,"chars": ["ᴉ"]},
		{"type": "bitmap", "file": "minecraft:guis/donate/donatemenu1.png","ascent": 13,"height": 135,"chars": ["ᶃ"]},
		{"type": "bitmap", "file": "minecraft:guis/donate/donatemenu2.png","ascent": 13,"height": 135,"chars": ["ᶀ"]},
		{"type": "bitmap", "file": "minecraft:guis/donate/donatemenu3.png","ascent": 13,"height": 135,"chars": ["ᶈ"]},
		{"type": "bitmap", "file": "minecraft:guis/donate/donatemenu4.png","ascent": 13,"height": 135,"chars": ["ᶉ"]},
		{"type": "bitmap", "file": "minecraft:guis/donate/donatemenu5.png","ascent": 13,"height": 135,"chars": ["ᶊ"]},
		{"type": "bitmap", "file": "minecraft:guis/donate/donatemenu6.png","ascent": 13,"height": 135,"chars": ["ᶋ"]},
		{"type": "bitmap", "file": "minecraft:guis/donate/donatemenu7.png","ascent": 13,"height": 135,"chars": ["ᴓ"]},
		{"type": "bitmap", "file": "minecraft:guis/gem/gem.png","ascent": 8,"height": 10,"chars": ["Ý"]},
		{"type": "bitmap", "file": "minecraft:guis/pixelart/pixelart1.png","ascent": 8,"height": 32,"chars": ["℞"]},
		{"type": "bitmap", "file": "minecraft:guis/pixelart/pixelart2.png","ascent": 8,"height": 64,"chars": ["℠"]},
		{"type": "bitmap", "file": "minecraft:guis/tags/tag1.png","ascent": 8,"height": 8,"chars": ["℡"]}
    ]
}